{"cameraMode":{"drawMode":0,"name":"Shaded","section":"Shading Mode"},"sceneLighting":true,"audioPlay":false,"sceneViewState":{"showFog":true,"showMaterialUpdate":false,"showSkybox":true,"showFlares":true,"showImageEffects":true,"showParticleSystems":true},"in2DMode":false,"pivot":{"x":0.0,"y":0.1599999964237213,"z":0.02000001072883606},"rotation":{"x":-0.14959876239299775,"y":0.8496537208557129,"z":-0.33769965171813967,"w":-0.37639307975769045},"size":11.890093803405762,"orthographic":false}